-- MySQL dump 10.13  Distrib 5.6.26, for osx10.10 (x86_64)
--
-- Host: localhost    Database: accord
-- ------------------------------------------------------
-- Server version	5.6.26

/*!40101 SET @OLD_CHARACTER_SET_CLIENT=@@CHARACTER_SET_CLIENT */;
/*!40101 SET @OLD_CHARACTER_SET_RESULTS=@@CHARACTER_SET_RESULTS */;
/*!40101 SET @OLD_COLLATION_CONNECTION=@@COLLATION_CONNECTION */;
/*!40101 SET NAMES utf8 */;
/*!40103 SET @OLD_TIME_ZONE=@@TIME_ZONE */;
/*!40103 SET TIME_ZONE='+00:00' */;
/*!40014 SET @OLD_UNIQUE_CHECKS=@@UNIQUE_CHECKS, UNIQUE_CHECKS=0 */;
/*!40014 SET @OLD_FOREIGN_KEY_CHECKS=@@FOREIGN_KEY_CHECKS, FOREIGN_KEY_CHECKS=0 */;
/*!40101 SET @OLD_SQL_MODE=@@SQL_MODE, SQL_MODE='NO_AUTO_VALUE_ON_ZERO' */;
/*!40111 SET @OLD_SQL_NOTES=@@SQL_NOTES, SQL_NOTES=0 */;

--
-- Table structure for table `DeductionList`
--

DROP TABLE IF EXISTS `DeductionList`;
/*!40101 SET @saved_cs_client     = @@character_set_client */;
/*!40101 SET character_set_client = utf8 */;
CREATE TABLE `DeductionList` (
  `dcode` mediumint(9) NOT NULL,
  `name` varchar(25) DEFAULT NULL
) ENGINE=InnoDB DEFAULT CHARSET=utf8;
/*!40101 SET character_set_client = @saved_cs_client */;

--
-- Dumping data for table `DeductionList`
--

LOCK TABLES `DeductionList` WRITE;
/*!40000 ALTER TABLE `DeductionList` DISABLE KEYS */;
INSERT INTO `DeductionList` VALUES (0,'Unknown'),(1,'401K'),(2,'401K Loan'),(3,'Child Support'),(4,'Dental'),(5,'FSA'),(6,'GARN'),(7,'Group Life'),(8,'Housing'),(9,'Medical'),(10,'Miscded'),(11,'Taxes');
/*!40000 ALTER TABLE `DeductionList` ENABLE KEYS */;
UNLOCK TABLES;

--
-- Table structure for table `companies`
--

DROP TABLE IF EXISTS `companies`;
/*!40101 SET @saved_cs_client     = @@character_set_client */;
/*!40101 SET character_set_client = utf8 */;
CREATE TABLE `companies` (
  `cocode` mediumint(9) NOT NULL AUTO_INCREMENT,
  `name` varchar(25) DEFAULT NULL,
  `address` varchar(35) DEFAULT NULL,
  `address2` varchar(25) DEFAULT NULL,
  `city` varchar(25) DEFAULT NULL,
  `state` char(2) DEFAULT NULL,
  `postalcode` varchar(10) DEFAULT NULL,
  `designation` char(3) DEFAULT NULL,
  `country` varchar(25) DEFAULT NULL,
  `Phone` varchar(25) DEFAULT NULL,
  `Fax` varchar(25) DEFAULT NULL,
  `Email` varchar(35) DEFAULT NULL,
  PRIMARY KEY (`cocode`)
) ENGINE=InnoDB AUTO_INCREMENT=5 DEFAULT CHARSET=utf8;
/*!40101 SET character_set_client = @saved_cs_client */;

--
-- Dumping data for table `companies`
--

LOCK TABLES `companies` WRITE;
/*!40000 ALTER TABLE `companies` DISABLE KEYS */;
INSERT INTO `companies` VALUES (1,'Accord Interests','11719 Bee Cave Road','Suite 301','Austin','TX','78738','AII','USA','323-512-0111','323-512-0105',''),(2,'Isola Bella','6303 NW 63rd Street','','Oklahoma City','OK','73132','ISO','USA','405-721-2191','405-603-4095','GuestServices@MyIsolaBella.com'),(3,'L\'Objet','','','','','','LOB','USA','855-562-5388','','customerservice@l-objet.com'),(4,'Tucasa','1635 Tucasa Dr','','Irving','TX','75061','TUC','USA','855-802-0786','','');
/*!40000 ALTER TABLE `companies` ENABLE KEYS */;
UNLOCK TABLES;

--
-- Table structure for table `compensation`
--

DROP TABLE IF EXISTS `compensation`;
/*!40101 SET @saved_cs_client     = @@character_set_client */;
/*!40101 SET character_set_client = utf8 */;
CREATE TABLE `compensation` (
  `uid` mediumint(9) NOT NULL,
  `type` mediumint(9) NOT NULL
) ENGINE=InnoDB DEFAULT CHARSET=utf8;
/*!40101 SET character_set_client = @saved_cs_client */;

--
-- Dumping data for table `compensation`
--

LOCK TABLES `compensation` WRITE;
/*!40000 ALTER TABLE `compensation` DISABLE KEYS */;
INSERT INTO `compensation` VALUES (161,2),(56,2),(60,0),(79,0),(185,2),(187,4),(17,2),(61,0),(55,1),(119,0),(177,0),(209,1),(32,0),(52,4),(176,4),(192,1),(196,2),(19,1),(22,2),(33,0),(88,2),(149,1),(6,0),(77,2),(49,2),(89,1),(172,2),(210,1),(4,4),(24,2),(74,0),(126,2),(189,2),(46,2),(30,2),(169,2),(186,2),(133,2),(141,1),(197,2),(115,0),(156,2),(13,2),(73,1),(170,0),(23,4),(15,0),(127,0),(154,0),(179,0),(121,0),(72,2),(140,0),(10,4),(18,0),(21,2),(58,2),(75,0),(124,2),(34,2),(36,0),(47,2),(184,0),(27,2),(100,2),(123,0),(12,0),(157,0),(84,0),(110,2),(137,0),(175,1),(201,1),(1,0),(8,0),(38,1),(206,1),(20,2),(51,2),(62,0),(67,0),(180,0),(41,4),(69,4),(90,0),(78,0),(164,0),(83,2),(102,0),(128,0),(200,1),(203,1),(182,0),(190,2),(159,0),(167,0),(59,1),(138,0),(146,1),(14,2),(37,2),(82,2),(98,2),(194,2),(35,0),(131,0),(85,1),(117,0),(5,0),(76,2),(202,1),(205,2),(64,0),(153,0),(114,2),(39,0),(65,0),(144,4),(136,2),(160,2),(104,0),(132,4),(91,0),(11,0),(70,2),(87,0),(48,0),(204,2),(181,2),(31,0),(93,2),(155,0),(150,0),(28,0),(50,2),(199,1),(94,4),(2,0),(29,2),(66,0),(108,0),(143,0),(147,1),(86,0),(112,0),(139,0),(168,0),(198,1),(25,0),(40,2),(158,0),(163,1),(43,0),(130,0),(122,2),(71,2),(106,2),(116,4),(118,0),(105,2),(63,0),(145,2),(166,0),(188,2),(193,1),(103,1),(53,2),(54,0),(125,2),(152,0),(42,2),(68,0),(174,0),(16,0),(96,2),(101,4),(165,0),(173,1),(44,0),(107,0),(191,1),(111,2),(171,0),(129,4),(135,0),(9,2),(80,0),(81,2),(208,1),(109,2),(183,0),(95,0),(99,2),(151,0),(195,2),(162,0),(207,1),(26,2),(97,2),(7,0),(92,0),(178,0),(3,2),(45,4),(120,2),(142,2),(148,0),(57,2),(113,0),(134,0),(211,1);
/*!40000 ALTER TABLE `compensation` ENABLE KEYS */;
UNLOCK TABLES;

--
-- Table structure for table `deductions`
--

DROP TABLE IF EXISTS `deductions`;
/*!40101 SET @saved_cs_client     = @@character_set_client */;
/*!40101 SET character_set_client = utf8 */;
CREATE TABLE `deductions` (
  `uid` mediumint(9) NOT NULL,
  `deduction` int(11) NOT NULL
) ENGINE=InnoDB DEFAULT CHARSET=utf8;
/*!40101 SET character_set_client = @saved_cs_client */;

--
-- Dumping data for table `deductions`
--

LOCK TABLES `deductions` WRITE;
/*!40000 ALTER TABLE `deductions` DISABLE KEYS */;
INSERT INTO `deductions` VALUES (3,11),(4,11),(4,9),(4,4),(9,11),(9,9),(9,4),(9,8),(10,11),(10,9),(10,4),(13,11),(13,9),(13,4),(14,11),(14,9),(14,4),(14,8),(17,11),(19,11),(19,9),(19,4),(20,11),(20,9),(20,4),(21,11),(21,9),(21,4),(21,1),(22,11),(22,8),(23,11),(23,9),(23,4),(24,11),(24,9),(24,4),(24,8),(26,11),(26,8),(27,11),(29,11),(29,9),(29,4),(30,11),(30,9),(30,4),(30,6),(34,11),(34,9),(34,4),(34,3),(34,8),(37,11),(37,9),(37,4),(37,10),(37,8),(38,11),(38,9),(38,4),(40,11),(40,9),(40,4),(41,11),(41,9),(41,4),(42,11),(42,9),(42,4),(45,11),(45,9),(45,4),(46,11),(46,9),(46,4),(46,1),(47,11),(47,9),(47,4),(47,1),(49,11),(49,9),(49,4),(50,11),(51,11),(52,11),(53,11),(53,9),(53,4),(55,11),(55,9),(55,4),(55,5),(55,1),(56,11),(56,9),(56,4),(57,11),(57,9),(57,4),(57,8),(58,11),(58,9),(58,4),(59,11),(59,9),(59,4),(59,8),(69,11),(69,9),(69,4),(70,11),(70,9),(70,4),(71,11),(72,11),(73,11),(73,9),(73,4),(76,11),(76,9),(76,4),(76,8),(77,11),(77,9),(77,4),(81,11),(81,9),(81,4),(81,3),(82,11),(82,9),(82,4),(83,11),(83,9),(83,4),(85,11),(88,11),(89,11),(89,9),(89,4),(89,8),(93,11),(94,11),(94,9),(94,4),(96,11),(96,9),(96,4),(96,8),(99,11),(99,8),(100,11),(101,11),(101,9),(101,4),(103,11),(103,9),(103,4),(105,11),(105,8),(109,11),(109,9),(109,4),(110,11),(110,9),(110,4),(111,11),(111,9),(111,4),(111,8),(114,11),(114,9),(114,4),(116,11),(116,9),(116,4),(120,11),(122,11),(124,11),(124,9),(124,4),(124,8),(125,11),(125,9),(125,4),(126,11),(126,9),(126,4),(126,8),(129,11),(129,9),(129,4),(132,11),(132,9),(132,4),(133,11),(133,9),(133,4),(136,11),(141,11),(141,9),(141,4),(142,11),(142,9),(142,4),(142,8),(144,11),(144,9),(144,4),(145,11),(146,11),(146,9),(146,4),(146,5),(147,11),(147,9),(147,4),(149,11),(156,11),(156,9),(156,4),(156,8),(160,11),(161,11),(163,11),(163,9),(163,4),(169,11),(169,8),(172,11),(172,3),(173,11),(173,9),(173,4),(173,8),(175,11),(175,9),(175,4),(176,11),(176,9),(176,4),(181,11),(181,8),(185,11),(185,8),(186,11),(186,9),(186,4),(186,8),(187,11),(187,9),(187,4),(188,11),(188,9),(188,4),(188,8),(188,3),(189,11),(189,9),(189,4),(189,8),(190,11),(191,11),(191,4),(191,9),(191,7),(191,5),(192,11),(192,1),(193,11),(193,1),(194,11),(195,11),(196,11),(197,11),(197,4),(197,9),(197,7),(197,1),(198,11),(198,4),(198,9),(199,11),(200,11),(200,4),(200,9),(200,7),(201,11),(201,4),(201,9),(201,7),(201,10),(202,11),(202,4),(202,9),(202,7),(202,5),(202,1),(203,11),(203,4),(203,9),(203,7),(204,11),(204,8),(205,11),(205,4),(205,9),(205,7),(205,8),(206,11),(206,4),(206,9),(206,7),(206,5),(206,1),(206,2),(207,11),(207,4),(207,9),(207,7),(207,5),(207,1),(207,2),(208,11),(209,11),(210,11),(211,11);
/*!40000 ALTER TABLE `deductions` ENABLE KEYS */;
UNLOCK TABLES;

--
-- Table structure for table `departments`
--

DROP TABLE IF EXISTS `departments`;
/*!40101 SET @saved_cs_client     = @@character_set_client */;
/*!40101 SET character_set_client = utf8 */;
CREATE TABLE `departments` (
  `deptcode` mediumint(9) NOT NULL AUTO_INCREMENT,
  `name` varchar(25) DEFAULT NULL,
  PRIMARY KEY (`deptcode`)
) ENGINE=InnoDB AUTO_INCREMENT=17 DEFAULT CHARSET=utf8;
/*!40101 SET character_set_client = @saved_cs_client */;

--
-- Dumping data for table `departments`
--

LOCK TABLES `departments` WRITE;
/*!40000 ALTER TABLE `departments` DISABLE KEYS */;
INSERT INTO `departments` VALUES (1,'Administrative'),(2,'Capital Improvements'),(3,'Courtesy Patrol'),(4,'Customer Service'),(5,'Fitness Center'),(6,'Food & Beverage'),(7,'Guest Services'),(8,'Housekeeping'),(9,'Landscaping'),(10,'Maintenance'),(11,'Product Development'),(12,'Product Sales'),(13,'Serviced Apt Sales'),(14,'Trad Apt Sales'),(15,'Unknown'),(16,'Warehouse');
/*!40000 ALTER TABLE `departments` ENABLE KEYS */;
UNLOCK TABLES;

--
-- Table structure for table `jobtitles`
--

DROP TABLE IF EXISTS `jobtitles`;
/*!40101 SET @saved_cs_client     = @@character_set_client */;
/*!40101 SET character_set_client = utf8 */;
CREATE TABLE `jobtitles` (
  `jobcode` mediumint(9) NOT NULL AUTO_INCREMENT,
  `Title` varchar(40) DEFAULT NULL,
  `DeptCode` mediumint(9) DEFAULT NULL,
  PRIMARY KEY (`jobcode`)
) ENGINE=InnoDB AUTO_INCREMENT=71 DEFAULT CHARSET=utf8;
/*!40101 SET character_set_client = @saved_cs_client */;

--
-- Dumping data for table `jobtitles`
--

LOCK TABLES `jobtitles` WRITE;
/*!40000 ALTER TABLE `jobtitles` DISABLE KEYS */;
INSERT INTO `jobtitles` VALUES (1,'Accounting Assistant',1),(2,'Accounting Manager',1),(3,'Administrative Assistant',1),(4,'Assistant Manager',1),(5,'Associate Developer',1),(6,'Chief Executive Officer',1),(7,'Chief Financial Officer',1),(8,'Chief Operating Officer',1),(9,'Chief Technical Officer',1),(10,'General Manager',1),(11,'HR & Payroll Manager',1),(12,'Intern',1),(13,'Night Auditor',1),(14,'Office Manager',1),(15,'Procurement Specialist',1),(16,'Special Projects Associate',1),(17,'Director of Procurements',1),(18,'Call Center Associate',0),(19,'Call Center Manager',0),(20,'Courtesy Patrol Driver',3),(21,'Courtesy Patrol Manager',3),(22,'Courtesy Patrol Officer',3),(23,'Designer',0),(24,'Creative Director',0),(25,'Development Coordinator',0),(26,'Director of Fragrence',0),(27,'Director of Sales',0),(28,'Principal',0),(29,'Studio Manager',0),(30,'Visual Arts Director',0),(31,'Fitness Center Attendant',5),(32,'Fitness Center Manager',5),(33,'Food and Beverage Manager',5),(34,'Executive Chef',6),(35,'Food and Beverage Associate',6),(36,'Bar Manager',6),(37,'Bartender',6),(38,'Host',6),(39,'Waitstaff',6),(40,'Guest Services Associate',7),(41,'Concierge Manager',7),(42,'Concierge',7),(43,'Guest Services Manager',7),(44,'Housekeeping Manager',8),(45,'Housekeeping Supervisor',8),(46,'Common Area Housekeeper',8),(47,'Laundry Associate',8),(48,'Serviced Apt Housekeeper',8),(49,'Traditional Apt Housekeeper',8),(50,'Grounds Associate',9),(51,'Grounds Supervisor',9),(52,'Maintanence Associate',10),(53,'Maintenance Manager',10),(54,'Makeready Associate',10),(55,'Cap Improvement Associate',10),(56,'Cap Improvement Supervisor',10),(57,'Customer Service Associate',0),(58,'Customer Service Manager',0),(59,'Product Sales Associate',0),(60,'Product Sales Manager',0),(61,'National Accts Manager',0),(62,'Leasing Associate',14),(63,'Leasing Manager',14),(64,'Packer',16),(65,'Repair Room Staff',16),(66,'Seasonal Associate',16),(67,'Checker',16),(68,'Warehouse Associate',16),(69,'Warehouse Manager',16),(70,'Unknown',0);
/*!40000 ALTER TABLE `jobtitles` ENABLE KEYS */;
UNLOCK TABLES;

--
-- Table structure for table `people`
--

DROP TABLE IF EXISTS `people`;
/*!40101 SET @saved_cs_client     = @@character_set_client */;
/*!40101 SET character_set_client = utf8 */;
CREATE TABLE `people` (
  `LastName` varchar(25) DEFAULT NULL,
  `FirstName` varchar(25) DEFAULT NULL,
  `MiddleName` varchar(25) DEFAULT NULL,
  `Salutation` varchar(10) DEFAULT NULL,
  `Class` varchar(25) DEFAULT NULL,
  `PositionControlNumber` varchar(10) DEFAULT NULL,
  `Email` varchar(35) DEFAULT NULL,
  `OfficePhone` varchar(25) DEFAULT NULL,
  `OfficeFax` varchar(25) DEFAULT NULL,
  `CellPhone` varchar(25) DEFAULT NULL,
  `PrimaryEmail` varchar(35) DEFAULT NULL,
  `SecondaryEmail` varchar(35) DEFAULT NULL,
  `LastReview` varchar(20) DEFAULT NULL,
  `NextReview` varchar(20) DEFAULT NULL,
  `Birthdate` varchar(25) DEFAULT NULL,
  `birthMonth` tinyint(4) DEFAULT NULL,
  `birthDoM` tinyint(4) DEFAULT NULL,
  `HomeStreetAddress` varchar(35) DEFAULT NULL,
  `HomeStreetAddress2` varchar(25) DEFAULT NULL,
  `HomeCity` varchar(25) DEFAULT NULL,
  `HomeState` char(2) DEFAULT NULL,
  `HomePostalCode` varchar(10) DEFAULT NULL,
  `HomeCountry` varchar(25) DEFAULT NULL,
  `uid` mediumint(9) NOT NULL AUTO_INCREMENT,
  `jobcode` mediumint(9) DEFAULT NULL,
  `hire` date DEFAULT NULL,
  `termination` date DEFAULT NULL,
  `mgruid` mediumint(9) NOT NULL,
  `deptcode` mediumint(9) DEFAULT NULL,
  `cocode` mediumint(9) DEFAULT NULL,
  `StateOfEmployment` varchar(25) NOT NULL,
  `CountryOfEmployment` varchar(25) NOT NULL,
  `PreferredName` varchar(25) NOT NULL,
  `EmergencyContactName` varchar(25) NOT NULL,
  `EmergencyContactPhone` varchar(25) NOT NULL,
  `status` smallint(6) NOT NULL,
  `EligibleForRehire` smallint(6) NOT NULL,
  `AcceptedHealthInsurance` smallint(6) NOT NULL,
  `AcceptedDentalInsurance` smallint(6) NOT NULL,
  `Accepted401K` smallint(6) NOT NULL,
  PRIMARY KEY (`uid`)
) ENGINE=InnoDB AUTO_INCREMENT=212 DEFAULT CHARSET=utf8;
/*!40101 SET character_set_client = @saved_cs_client */;

--
-- Dumping data for table `people`
--

LOCK TABLES `people` WRITE;
/*!40000 ALTER TABLE `people` DISABLE KEYS */;
INSERT INTO `people` VALUES ('Romero','Yuonne','','','','','','(766) 753-2094','(386) 189-4941','(971) 812-1099','YRomero1892@abiz.com','YuonneRomero214@hotmail.com','','','10/21',10,21,'1887 Broadway','','Eugene','TN','73128','',1,0,'2014-07-12','2014-07-24',0,0,0,'','','','','',0,1,0,0,0),('Joyner','Hisako','','','OK:OKC:FDBEV','','','(391) 726-2582','(659) 591-4565','(292) 240-3855','HJoyner5937@comcast.net','HJoyner4061@aol.com','','','1/15',1,15,'46407 Tenth','','Killeen','PA','73132','',2,40,'2014-02-26','2014-09-05',0,7,2,'','','','','',0,0,0,0,0),('Wells','Roxann','','','OK:OKC:GSERV','1066','','(770) 314-2201','(822) 594-4640','(121) 913-4284','RWells5622@comcast.net','RoxannWells565@gmail.com','','','10/23',10,23,'31093 Sunset','','Norwalk','MS','73142','',3,0,'2015-08-10','0000-00-00',49,0,2,'','','','','',1,1,2,2,0),('Sparks','Hallie','','','OK:OKC:HSKPG','79','','(440) 835-6727','(838) 360-8987','(115) 113-9471','HallieSparks339@comcast.net','HSparks9200@aol.com','','','12/1',12,1,'43043 Shore','','Oklahoma City','LA','73112','',4,0,'2011-08-13','0000-00-00',146,0,2,'','','','','',1,1,1,1,0),('Mcbride','Irvin','','','OK:OKC:HSKPG','79','','(565) 335-1505','(730) 825-8944','(906) 843-2530','IMcbride5684@gmail.com','IMcbride3584@hotmail.com','','','12/10',12,10,'80628 Johnson','','St. Louis','MS','73112','',5,0,'2011-08-13','2015-04-29',146,0,2,'','','','','',0,1,0,0,0),('Sullivan','Janise','','','','','','(814) 152-5286','(901) 800-5292','(863) 668-2177','JaniseS8822@abiz.com','JaniseS5775@bdiddy.com','','','11/4',11,4,'91552 Washington','Apt. #8080','Marina','SD','73132','',6,0,'2014-02-24','2014-03-09',0,0,2,'','','','','',0,1,0,0,0),('Blair','Shae','','','OK:OKC:HSKPG','','','(380) 439-8939','(438) 551-7639','(919) 228-2576','ShaeB5485@bdiddy.com','SBlair2992@hotmail.com','','','7/2',7,2,'93853 Smith','','Hickory','WA','73119','',7,0,'2010-07-23','2014-03-11',0,0,2,'','','','','',0,0,0,0,0),('Prince','Giselle','','','OK:OKC:HSKPG','','','(629) 117-6934','(855) 323-6581','(286) 205-2862','GPrince3319@aol.com','GPrince7697@yahoo.com','','','12/21',12,21,'60414 Kukui','','Mobile','SC','73109','',8,0,'2011-12-20','2014-03-24',0,0,2,'','','','','',0,0,0,0,0),('Colon','Constance','','','OK:OKC:LSGSAL','832','','(121) 631-8054','(163) 626-1979','(319) 760-4884','CColon128@gmail.com','ConstanceC1417@comcast.net','','','9/23',9,23,'22809 5th','','Buffalo','VT','73132','',9,40,'2014-08-13','0000-00-00',49,7,2,'','','','','',1,1,1,1,0),('Lawson','Jamison','','','OK:OKC:HSKPG','783','','(545) 272-0833','(632) 461-8575','(712) 818-6629','JamisonL7322@abiz.com','JLawson666@aol.com','','','5/31',5,31,'37542 Aspen','','Champaign','NM','73129','',10,0,'2012-09-29','0000-00-00',146,0,2,'','','','','',1,1,1,1,0),('Robles','Raven','','','OK:OKC:FDBEV','1005','','(657) 636-0422','(753) 836-9018','(431) 717-0060','RRobles1557@abiz.com','RavenRobles398@yahoo.com','','','2/24',2,24,'56425 N 400','','Tampa','AR','73132','',11,0,'2014-10-15','2015-02-21',0,0,2,'','','','','',0,0,0,0,0),('Wynn','September','','','','','','(181) 802-3518','(400) 733-7169','(791) 765-5122','SWynn96@aol.com','SeptemberW7371@abiz.com','','','5/29',5,29,'63658 Pleasant','Apt. #8137','Santa Rosa','NE','73132','',12,0,'2014-06-01','2014-09-02',0,0,2,'','','','','',0,0,0,0,0),('Estes','Fidel','','','OK:OKC:HSKPG','604','','(356) 989-9604','(412) 510-4402','(473) 818-3155','FidelEstes28@hotmail.com','FEstes5096@bdiddy.com','','','7/6',7,6,'82633 Second','','Brighton','NJ','73112','',13,0,'2010-05-19','0000-00-00',146,0,2,'','','','','',1,1,1,1,0),('Pickett','Consuelo','','','OK:OKC:HSKPG','624','','(547) 132-8920','(787) 771-3612','(374) 414-3179','ConsueloP1049@yahoo.com','CPickett8724@abiz.com','','','9/9',9,9,'95153 Laurel','','Grand Prairie','NE','73132','',14,0,'2010-07-25','0000-00-00',146,0,2,'','','','','',1,1,1,1,0),('Landry','Kaleigh','','','','','','(121) 560-4244','(345) 427-6581','(599) 618-6875','KLandry6237@hotmail.com','KaleighL5912@gmail.com','','','4/17',4,17,'41294 Lee','Apt. #1428','Sunnyvale','NH','73106','',15,0,'2014-04-30','2014-05-08',0,0,2,'','','','','',0,1,0,0,0),('Key','Jeraldine','','','OK:OKC:FDBEV','','','(502) 884-5061','(208) 940-4217','(998) 584-4355','JeraldineKey370@comcast.net','JKey9582@yahoo.com','','','10/31',10,31,'73940 S 400','Apt. #4759','Columbia','NH','73120','',16,0,'2014-10-14','2014-10-27',0,0,2,'','','','','',0,0,0,0,0),('Nichols','Mel','','','OK:OKC:FDBEV','803','','(928) 792-8497','(178) 545-0832','(888) 391-4650','MNichols953@hotmail.com','MelNichols11@aol.com','','','2/16',2,16,'98437 Birch','','Fullerton','GA','73132','',17,37,'2014-05-05','0000-00-00',73,6,2,'','','','','',1,1,3,3,0),('Drake','Shani','','','OK:OKC:MAINT','609','','(867) 705-0998','(973) 846-3465','(730) 333-8642','SDrake8094@comcast.net','SDrake9377@gmail.com','','','12/29',12,29,'31294 S 100','Apt. #1268','Little Rock','MT','73127','',18,0,'2010-05-26','2015-05-26',0,0,2,'','','','','',0,0,0,0,0),('Barlow','Dot','','','TX:AII:ACCTG','786','','(242) 232-0359','(757) 235-3756','(633) 111-5601','DotB8686@abiz.com','DotBarlow753@hotmail.com','','','5/23',5,23,'57511 New York','','Lake Charles','WV','78745','',19,7,'2014-03-10','0000-00-00',73,1,1,'','','','','',1,1,1,1,0),('Stokes','Arlinda','','','OK:OKC:HSKPG','700','','(458) 405-8801','(631) 439-5658','(739) 618-7188','AStokes3119@bdiddy.com','AStokes78@bdiddy.com','','','2/14',2,14,'60792 Redwood','Apt. #8950','Grand Prairie','ND','73127','',20,0,'2012-09-12','0000-00-00',146,0,2,'','','','','',1,1,1,1,0),('Tanner','Marcelina','','','TX:USA:WRHSE','434','','(153) 136-6384','(425) 918-5129','(333) 474-2529','MTanner498@hotmail.com','MTanner1161@yahoo.com','','','5/26',5,26,'49579 6th','','Peoria','OH','76028','',21,0,'2006-08-14','0000-00-00',199,0,3,'','','','','',1,1,1,1,0),('Owens','Kay','','','OK:OKC:GRNDS','1067','','(722) 180-3703','(665) 370-6678','(305) 136-3985','KOwens5548@abiz.com','KOwens9732@bdiddy.com','','','5/18',5,18,'56522 Aloha','Apt. #5346','Deltona','OK','73132','',22,50,'2015-08-14','0000-00-00',82,9,2,'','','','','',1,1,2,2,0),('Neal','Bernardine','','','OK:OKC:HSKPG','118','','(610) 912-6409','(456) 201-8891','(636) 980-1696','BNeal4122@aol.com','BernardineN4342@aol.com','','','12/9',12,9,'55112 South Carolina','','Seaside','NJ','73008','',23,0,'2012-07-02','0000-00-00',146,0,2,'','','','','',1,1,1,1,0),('Robinson','Doloris','','','OK:OKC:PHONE','782','','(701) 306-2527','(615) 651-6967','(196) 724-7987','DRobinson3740@gmail.com','DRobinson3070@hotmail.com','','','4/5',4,5,'76341 Twelfth','','Bridgeport','VT','73132','',24,0,'2012-09-24','0000-00-00',207,0,2,'','','','','',1,1,1,1,0),('Bailey','Floy','','','OK:OKC:CPATR','1049','','(233) 955-0268','(781) 423-2074','(229) 171-7721','FloyBailey742@aol.com','FBailey6044@abiz.com','','','10/24',10,24,'26286 Fourth','Apt. #9104','Redding','SC','73034','',25,0,'2015-07-08','2015-07-27',0,0,2,'','','','','',0,1,0,0,0),('Mcclain','Shaunte','','','OK:OKC:GRNDS','1040','','(593) 156-4793','(268) 607-3111','(729) 774-9977','SMcclain6730@hotmail.com','SMcclain1246@hotmail.com','','','5/4',5,4,'59689 Birch','Apt. #3969','Port Saint Lucie','RI','73127','',26,50,'2015-06-03','0000-00-00',82,9,2,'','','','','',1,1,1,1,0),('Morse','Burton','','','TX:AII:ACCTG','1056','','(951) 551-0307','(554) 674-4646','(184) 781-3940','BMorse6005@yahoo.com','BurtonM9444@abiz.com','','','2/22',2,22,'66169 Center','','Redding','WY','78669','',27,15,'2015-07-29','0000-00-00',19,1,1,'','','','','',1,1,1,1,0),('Lee','Kareen','','','','','','(193) 704-8830','(200) 652-4394','(937) 328-7252','KareenL7512@bdiddy.com','KareenLee725@gmail.com','','','7/7',7,7,'94089 Maple','','Yakima','OR','73089','',28,0,'2013-10-30','2014-07-02',0,0,2,'','','','','',0,1,0,0,0),('Moreno','Charles','','','TX:TUC:ADMIN','277','','(226) 559-0298','(487) 225-0259','(610) 737-5567','CharlesMoreno436@yahoo.com','CharlesMoreno97@bdiddy.com','','','2/14',2,14,'96709 Second','','Waco','RI','75212','',29,4,'2004-09-14','0000-00-00',201,1,4,'','','','','',1,1,1,1,0),('Mccarty','Noma','','','OK:OKC:ADMIN','720','','(179) 904-8050','(312) 543-9612','(375) 701-3594','NomaMccarty565@comcast.net','NMccarty9391@abiz.com','','','5/15',5,15,'2822 River','','Rancho Cucamonga','LA','73069','',30,0,'2013-06-17','0000-00-00',207,0,2,'','','','','',1,1,1,1,0),('Tran','Bianca','','','OK:OKC:CPATR','1048','','(567) 995-4171','(629) 462-5439','(155) 532-8048','BiancaTran199@bdiddy.com','BiancaTran53@aol.com','','','9/28',9,28,'793 New Mexico','','Murrieta','HI','73142','',31,0,'2015-07-01','2015-07-09',0,0,2,'','','','','',0,0,0,0,0),('Hayden','Sarina','','','OK:OKC:MAINT','515','','(431) 280-9136','(731) 134-1693','(176) 482-0887','SarinaHayden462@gmail.com','SHayden2742@gmail.com','','','5/4',5,4,'95610 Kukui','','Utica','NH','73142','',32,0,'2009-03-30','2015-06-06',0,0,2,'','','','','',0,1,0,0,0),('Macias','Alyce','','','','','','(189) 768-6878','(355) 428-8306','(374) 843-0864','AlyceMacias636@hotmail.com','AMacias9634@yahoo.com','','','2/21',2,21,'7048 First','','Rancho Cucamonga','AK','73132','',33,0,'2013-08-05','2014-02-27',0,0,2,'','','','','',0,0,0,0,0),('Swanson','Nathan','','','OK:OKC:MAINT','702','','(754) 835-8995','(200) 372-7532','(966) 660-1986','NathanSwanson377@comcast.net','NSwanson843@yahoo.com','','','4/22',4,22,'21206 North Dakota','Apt. #9729','New York City','MO','73132','',34,0,'2012-09-12','0000-00-00',197,0,2,'','','','','',1,1,1,1,0),('Petersen','Dannie','','','OK:OKC:GRNDS','1050','','(165) 238-6273','(711) 689-6128','(332) 768-0117','DPetersen4984@hotmail.com','DannieP9263@gmail.com','','','1/28',1,28,'31708 Broadway','','Grand Rapids','MD','73132','',35,0,'2015-06-29','2015-08-14',82,0,2,'','','','','',0,1,0,0,0),('Whitley','Shan','','','OK:OKC:GSERV','','','(552) 400-2667','(648) 338-4065','(531) 369-5749','ShanW4412@yahoo.com','ShanW2730@gmail.com','','','5/10',5,10,'40575 Oak','Apt. #5677','Cambridge','MT','73099','',36,18,'2014-04-30','2014-10-18',0,0,2,'','','','','',0,0,0,0,0),('Schroeder','Fawn','','','OK:OKC:FDBEV','584','','(126) 299-2379','(629) 436-2664','(589) 622-2120','FawnSchroeder159@bdiddy.com','FawnS9073@bdiddy.com','','','2/11',2,11,'73133 Center','','Norwich','MA','73132','',37,35,'2010-01-25','0000-00-00',73,6,2,'','','','','',1,1,1,1,0),('Rose','Stuart','','','TX:USA:ADMIN','511','','(309) 121-7496','(336) 280-3573','(252) 798-3812','SRose3936@hotmail.com','StuartRose289@abiz.com','','','11/19',11,19,'61947 Zoo','','Poughkeepsie','SC','76040','',38,14,'2006-05-01','0000-00-00',199,1,2,'','','','','',1,1,1,1,0),('Kent','Marvel','','','','','','(463) 340-9601','(636) 457-9456','(734) 591-6423','MarvelK7008@abiz.com','MarvelK445@gmail.com','','','7/8',7,8,'34574 Kansas','','Moreno Valley','WI','73122','',39,0,'2010-09-25','2014-07-02',0,0,2,'','','','','',0,1,0,0,0),('Bowen','Madeleine','','','OK:OKC:CAPMP','1018','','(898) 826-9184','(570) 382-3194','(417) 505-6368','MadeleineBowen611@aol.com','MadeleineB5546@comcast.net','','','7/15',7,15,'91418 Broadway','Apt. #1700','Sioux City','MT','73107','',40,16,'2015-01-26','0000-00-00',206,1,2,'','','','','',1,1,1,1,0),('Prince','Alysia','','','OK:OKC:HSKPG','93','','(181) 797-4796','(874) 281-4309','(914) 236-3910','AlysiaP193@abiz.com','AlysiaPrince902@bdiddy.com','','','11/4',11,4,'15865 Eighth','','Newark','RI','73107','',41,0,'2011-12-24','0000-00-00',146,0,2,'','','','','',1,1,1,1,0),('Thornton','Selina','','','OK:OKC:FDBEV','1016','','(392) 250-3692','(804) 222-9941','(329) 333-4633','SThornton9598@gmail.com','SelinaThornton315@hotmail.com','','','3/19',3,19,'84172 New Jersey','','Spartanburg','SD','73132','',42,35,'2015-01-21','0000-00-00',73,6,2,'','','','','',1,1,1,1,0),('Mcdaniel','Shanti','','','','','','(804) 840-4816','(735) 342-9317','(893) 109-2034','SMcdaniel4800@aol.com','ShantiM8986@yahoo.com','','','11/17',11,17,'86389 N 400','','Kansas City','SC','73105','',43,0,'2014-08-08','2014-09-19',0,0,2,'','','','','',0,0,0,0,0),('Salas','Winford','','','','','','(717) 205-1211','(310) 339-4646','(129) 168-6459','WinfordS9640@hotmail.com','WinfordS608@abiz.com','','','10/26',10,26,'1517 Cedar','Apt. #2793','Bloomington','UT','73132','',44,0,'2014-01-06','2014-02-02',0,0,2,'','','','','',0,1,0,0,0),('Garner','Merissa','','','OK:OKC:HSKPG','701','','(264) 962-5893','(435) 321-3099','(705) 537-6898','MGarner4870@comcast.net','MerissaG222@gmail.com','','','3/20',3,20,'25349 Johnson','','Champaign','AL','73132','',45,0,'2012-09-09','0000-00-00',146,0,2,'','','','','',1,1,1,1,0),('Salas','Mariana','','','TX:USA:WRHSE','303','','(562) 110-2045','(691) 636-1882','(967) 656-3318','MSalas9326@aol.com','MarianaSalas738@hotmail.com','','','8/26',8,26,'19575 12th','','High Point','NM','75061','',46,68,'2006-12-11','0000-00-00',199,16,3,'','','','','',1,1,1,1,0),('Wright','Tonie','','','TX:USA:WRHSE','588','','(465) 695-6026','(565) 527-0018','(471) 889-7854','TonieW1925@yahoo.com','TWright9170@yahoo.com','','','5/30',5,30,'7120 New Mexico','','West Valley City','SD','75061','',47,68,'2007-10-17','0000-00-00',199,16,3,'','','','','',1,1,1,1,0),('Sweet','Parthenia','','','OK:OKC:GSERV','738','','(609) 542-7532','(950) 497-7216','(511) 342-0635','PartheniaS2241@hotmail.com','PSweet6676@bdiddy.com','','','11/19',11,19,'60318 North Dakota','Apt. #3977','Round Lake Beach','NM','73162','',48,42,'2013-09-16','2015-06-08',49,7,2,'','','','','',0,1,0,0,0),('Ramsey','Melodee','','','OK:OKC:GSERV','687','','(338) 150-3108','(273) 948-4146','(207) 652-8814','MRamsey7067@comcast.net','MRamsey9801@bdiddy.com','','','11/21',11,21,'44034 Ridge','','Lakewood','VT','73142','',49,41,'2009-09-29','0000-00-00',207,7,2,'','','','','',1,1,1,1,0),('Palmer','Belkis','','','OK:OKC:GSERV','1036','','(929) 130-8634','(930) 273-6402','(724) 839-5488','BelkisP1639@bdiddy.com','BPalmer5534@aol.com','','','9/22',9,22,'37082 New Jersey','','Miami','OR','73142','',50,0,'2015-06-01','0000-00-00',49,0,2,'','','','','',1,1,3,3,0),('Pacheco','Eden','','','OK:OKC:ADMIN','764','','(325) 726-9230','(485) 782-0005','(166) 451-3712','EPacheco3788@gmail.com','EdenP6142@hotmail.com','','','4/27',4,27,'98571 Smith','','Jersey City','PA','73083','',51,1,'2015-07-23','0000-00-00',30,1,2,'','','','','',1,1,2,2,0),('Mcintosh','Jerilyn','','','OK:OKC:HSKPG','1070','','(226) 846-6309','(711) 788-5324','(936) 782-9453','JMcintosh5890@hotmail.com','JerilynMcintosh895@comcast.net','','','2/11',2,11,'94648 Pioneer','Apt. #9945','Glendale','WA','73122','',52,0,'2015-08-23','0000-00-00',146,0,2,'','','','','',1,1,2,2,0),('Mercado','Nicky','','','OK:OKC:LSGSAL','821','','(860) 456-8350','(293) 271-8248','(674) 759-1172','NickyMercado338@abiz.com','NickyM7601@yahoo.com','','','3/19',3,19,'7697 Bay','','Burbank','CT','73132','',53,0,'2014-07-23','0000-00-00',207,0,2,'','','','','',1,1,1,1,0),('Hernandez','Chong','','','OK:OKC:FDBEV','1017','','(184) 625-3441','(959) 730-1713','(726) 108-2947','CHernandez2643@abiz.com','ChongH9193@hotmail.com','','','5/12',5,12,'97427 New York','','Chicago','KY','73122','',54,35,'2015-01-19','2015-01-21',73,6,2,'','','','','',0,0,0,0,0),('Kaufman','Robt','','','TX:USA:ACCTG','629','','(511) 498-5457','(695) 986-3091','(484) 933-5080','RobtKaufman619@aol.com','RobtK2730@comcast.net','','','9/30',9,30,'23247 Cherry','Apt. #71','Layton','CT','76117','',55,0,'2010-09-13','0000-00-00',199,0,3,'','','','','',1,1,1,1,0),('Ross','Novella','','','OK:OKC:FDBEV','717','','(631) 385-3239','(652) 696-1271','(331) 904-3582','NovellaR6091@comcast.net','NRoss6414@yahoo.com','','','1/28',1,28,'78432 9th','','Salem','RI','73132','',56,36,'2013-06-06','0000-00-00',73,6,2,'','','','','',1,1,1,1,0),('Crosby','Randi','','','OK:OKC:CPATR','799','','(196) 971-4438','(711) 486-1881','(343) 773-3945','RCrosby7714@bdiddy.com','RandiCrosby831@gmail.com','','','4/15',4,15,'84469 Wilson','','Cincinnati','WV','73132','',57,22,'2014-04-16','0000-00-00',59,3,2,'','','','','',1,1,1,1,0),('Herring','Hulda','','','OK:OKC:MAINT','760','','(448) 102-4236','(375) 655-3806','(130) 106-7799','HHerring3217@aol.com','HuldaHerring247@comcast.net','','','10/25',10,25,'92666 Ninth','','Wilmington','IN','73064','',58,0,'2013-05-22','0000-00-00',197,0,2,'','','','','',1,1,1,1,0),('Herman','Mirtha','','','OK:OKC:CPATR','726','','(374) 664-6998','(530) 662-4098','(796) 780-6746','MHerman6634@abiz.com','MirthaHerman84@abiz.com','','','9/18',9,18,'9801 Twelfth','','Monterey','WV','73132','',59,0,'2013-07-09','0000-00-00',207,0,2,'','','','','',1,1,1,1,0),('Dudley','Lonna','','','','','','(897) 651-3321','(409) 911-0847','(604) 216-4412','LDudley1599@abiz.com','LonnaDudley312@abiz.com','','','4/4',4,4,'24884 9th','','Merced','WI','73505','',60,0,'2014-02-25','2014-04-20',0,0,2,'','','','','',0,0,0,0,0),('Burnett','Naida','','','OK:OKC:GRNDS','1062','','(436) 581-2338','(496) 141-8563','(840) 175-7413','NBurnett906@comcast.net','NBurnett6484@comcast.net','','','3/1',3,1,'68624 Wilson','Apt. #9060','Cleveland','HI','73128','',61,50,'2015-07-30','2015-08-15',82,9,2,'','','','','',0,0,0,0,0),('Cline','Sharri','','','OK:OKC:GRNDS','1041','','(399) 413-2730','(249) 905-1295','(995) 174-6490','SCline3105@abiz.com','SCline4269@hotmail.com','','','7/31',7,31,'3323 N 400','','Johnson City','GA','73162','',62,50,'2015-06-12','2015-08-15',82,9,2,'','','','','',0,0,0,0,0),('Bonner','Elijah','','','TX:AII:ACCTG','1002','','(174) 328-7506','(384) 702-0787','(682) 128-3481','EBonner8280@yahoo.com','EBonner3090@bdiddy.com','','','8/21',8,21,'72979 Delaware','','Davidson County','MN','78749','',63,12,'2014-10-21','2015-03-11',0,1,2,'','','','','',0,1,0,0,0),('Valentine','Elvira','','','','','','(261) 514-1999','(665) 874-3173','(239) 872-1262','EValentine7603@hotmail.com','ElviraValentine988@gmail.com','','','12/23',12,23,'53529 12th','','Lexington','MA','73103','',64,0,'2014-05-20','2014-07-13',0,0,2,'','','','','',0,0,0,0,0),('Woodward','Vincenza','','','OK:OKC:CPATR','1025','','(546) 716-0902','(928) 696-9902','(113) 170-6725','VWoodward3659@yahoo.com','VincenzaWoodward931@hotmail.com','','','3/21',3,21,'62576 Sixth','','Sebastian','FL','73121','',65,0,'2015-03-26','2015-04-23',59,0,2,'','','','','',0,0,0,0,0),('Lynn','Lorena','','','OK:OKC:CPATR','1022','','(291) 798-4774','(572) 833-2070','(718) 453-7231','LorenaL5520@gmail.com','LorenaLynn913@yahoo.com','','','2/2',2,2,'6014 Williams','Apt. #4612','Round Lake Beach','MO','73132','',66,0,'2015-03-08','2015-04-23',59,0,2,'','','','','',0,0,0,0,0),('Wise','Gricelda','','','','','','(346) 234-3931','(497) 674-5775','(316) 325-4643','GriceldaW7862@aol.com','GriceldaWise249@comcast.net','','','9/20',9,20,'18024 Second','','Huntington Beach','DE','73132','',67,0,'2013-01-01','2014-01-17',0,0,2,'','','','','',0,1,0,0,0),('Vincent','Apryl','','','','','','(163) 236-3353','(888) 539-5014','(236) 712-4603','AprylV5394@hotmail.com','AVincent2647@comcast.net','','','2/15',2,15,'27849 Meadow','','Victorville','AZ','73108','',68,0,'2013-08-27','2014-01-31',0,0,2,'','','','','',0,1,0,0,0),('Callahan','Hiroko','','','OK:OKC:HSKPG','51','','(602) 350-4169','(633) 561-0778','(586) 394-0478','HCallahan275@aol.com','HirokoCallahan193@comcast.net','','','10/9',10,9,'61678 Aspen','','Alexandria','MS','73132','',69,0,'2010-12-04','0000-00-00',146,0,2,'','','','','',1,1,1,1,0),('Lewis','Lizzette','','','OK:OKC:CAPMP','1013','','(278) 835-8120','(113) 397-0629','(611) 254-0914','LizzetteL3950@aol.com','LLewis2109@comcast.net','','','8/19',8,19,'25887 Pinon','Apt. #2450','San Buenaventura','AL','73132','',70,16,'2015-01-01','0000-00-00',206,1,2,'','','','','',1,1,1,1,0),('Bolton','Alexis','','','TX:USA:WRHSE','319','','(431) 905-0258','(654) 136-7781','(897) 769-9792','AlexisBolton86@comcast.net','ABolton4618@yahoo.com','','','5/15',5,15,'59268 Mountain View','Apt. #4699','Independence','MA','75061','',71,68,'2007-07-02','0000-00-00',199,16,3,'','','','','',1,1,2,2,0),('Hawkins','Cecille','','','TX:USA:WRHSE','597','','(821) 206-4089','(245) 613-7451','(720) 935-1451','CHawkins7781@yahoo.com','CHawkins6605@abiz.com','','','9/11',9,11,'36297 North','','Leominster','NE','75061','',72,68,'2010-03-18','0000-00-00',199,16,3,'','','','','',1,1,2,2,0),('Fisher','Dennis','','','OK:OKC:FDBEV','689','','(446) 897-2766','(538) 312-6541','(948) 766-3476','DennisF4627@comcast.net','DennisF9018@gmail.com','','','7/10',7,10,'33177 S 100','','Chesapeake','CA','73132','',73,34,'2011-06-03','0000-00-00',207,6,2,'','','','','',1,1,1,1,0),('Wilder','Emilie','','','TX:AII:ACCTG','1024','','(302) 397-0928','(482) 877-6857','(669) 109-0340','EmilieWilder808@bdiddy.com','EmilieWilder440@abiz.com','','','12/12',12,12,'95460 Meadow','','Columbia','NJ','78705','',74,12,'2015-03-30','2015-08-28',0,1,1,'','','','','',0,1,0,0,0),('Ratliff','Terrence','','','OK:OKC:GSERV','','','(909) 383-8864','(304) 620-3649','(683) 771-5040','TRatliff3702@gmail.com','TRatliff56@comcast.net','','','4/22',4,22,'37773 New York','','Richland','OK','73132','',75,0,'2014-09-23','2014-11-11',0,0,2,'','','','','',0,0,0,0,0),('Rosario','Shani','','','OK:OKC:PHONE','1010','','(342) 299-2397','(931) 144-6982','(443) 753-0418','SRosario8546@hotmail.com','ShaniRosario509@hotmail.com','','','8/8',8,8,'14821 Lee','','Port Arthur','OR','73132','',76,18,'2014-12-22','0000-00-00',24,0,2,'','','','','',1,1,1,1,0),('Waters','Valentina','','','OK:OKC:GRNDS','1037','','(570) 881-9053','(828) 511-0634','(321) 647-8787','VWaters4585@bdiddy.com','ValentinaW1741@yahoo.com','','','1/15',1,15,'91381 Palo Verde','Apt. #5870','Huntington Beach','AR','73135','',77,50,'2015-06-01','0000-00-00',82,9,2,'','','','','',1,1,1,1,0),('Bond','Nicolasa','','','','','','(111) 815-5899','(385) 614-9420','(125) 568-1228','NBond7001@hotmail.com','NBond1576@hotmail.com','','','9/30',9,30,'3938 Zoo','','Mission Viejo','DE','73132','',78,0,'2014-01-24','2014-08-14',0,0,2,'','','','','',0,0,0,0,0),('Wilder','Abe','','','','','','(361) 770-5377','(187) 564-7304','(378) 885-1823','AWilder5539@yahoo.com','AbeW1757@aol.com','','','1/26',1,26,'15014 5th','Apt. #4173','Syracuse','MO','73112','',79,0,'2014-04-28','2014-08-29',0,0,2,'','','','','',0,1,0,0,0),('Baird','Loida','','','','','','(827) 476-3657','(391) 368-9945','(996) 470-8433','LBaird7072@abiz.com','LoidaBaird607@gmail.com','','','9/29',9,29,'93860 Wood','','Kaneohe','OK','73122','',80,0,'2014-02-04','2014-02-13',0,0,2,'','','','','',0,1,0,0,0),('Page','Earle','','','OK:OKC:MAINT','789','','(595) 830-6847','(197) 755-9174','(340) 807-0954','EPage6724@aol.com','EPage8802@bdiddy.com','','','10/20',10,20,'55854 Smith','','Merced','NY','73132','',81,0,'2012-09-24','0000-00-00',197,0,2,'','','','','',1,1,1,1,0),('Whitley','Latina','','','OK:OKC:GRNDS','1015','','(257) 798-9460','(580) 151-6304','(348) 758-7638','LWhitley7506@bdiddy.com','LatinaW2212@comcast.net','','','12/18',12,18,'28457 Wood','','Barnstable','MN','73070','',82,51,'2015-04-30','0000-00-00',207,9,2,'','','','','',1,1,1,1,0),('Francis','Quintin','','','OK:OKC:GRNDS','1045','','(126) 413-5208','(268) 925-6308','(790) 537-7769','QFrancis5100@aol.com','QuintinF6606@aol.com','','','10/9',10,9,'57085 Sixth','','Huntington Beach','CA','73159','',83,50,'2015-06-23','0000-00-00',82,9,2,'','','','','',1,1,1,1,0),('Hughes','Rachelle','','','','','','(159) 976-0768','(607) 190-6532','(457) 822-8973','RHughes8556@bdiddy.com','RachelleH2728@yahoo.com','','','7/20',7,20,'85775 Navajo','','Milwaukee','TX','73127','',84,0,'2014-04-29','2014-06-14',0,0,2,'','','','','',0,1,0,0,0),('Wilkinson','Kip','','','OK:OKC:SALES','155','','(990) 767-0345','(680) 875-3285','(690) 795-4609','KWilkinson8947@hotmail.com','KipW7197@gmail.com','','','4/25',4,25,'42361 11th','','Fargo','NY','73130','',85,27,'2010-11-17','0000-00-00',207,0,2,'','','','','',1,1,2,2,0),('Stone','Lavon','','','','','','(132) 489-2536','(162) 311-8558','(275) 576-3139','LStone4644@abiz.com','LStone6559@comcast.net','','','5/27',5,27,'92254 New Jersey','','Antioch','ND','73084','',86,0,'2013-12-14','2014-05-13',0,0,2,'','','','','',0,1,0,0,0),('Watts','Gaye','','','','','','(939) 806-7303','(875) 233-6324','(188) 713-1179','GWatts6499@hotmail.com','GWatts2301@hotmail.com','','','8/26',8,26,'42183 Park','Apt. #5111','Anchorage','CT','73128','',87,0,'2014-05-08','2014-09-20',0,0,2,'','','','','',0,1,0,0,0),('James','Jacqulyn','','','TX:USA:ADMIN','745','','(836) 661-6183','(662) 283-3282','(679) 686-4735','JacqulynJames969@gmail.com','JacqulynJ4190@abiz.com','','','10/7',10,7,'34951 Ridge','Apt. #3854','Kennewick','OH','75050','',88,57,'2013-10-14','0000-00-00',199,0,3,'','','','','',1,1,2,2,0),('Garza','Santina','','','OK:OKC:CPATR','756','','(473) 614-7155','(131) 576-2112','(186) 210-7160','SantinaG7615@bdiddy.com','SantinaG7483@abiz.com','','','10/31',10,31,'9440 Thirteenth','','Torrance','MO','73132','',89,0,'2013-12-14','0000-00-00',59,0,2,'','','','','',1,1,1,1,0),('Elliott','Sima','','','','','','(117) 970-7154','(602) 279-8505','(185) 145-4989','SimaElliott254@abiz.com','SimaE2532@comcast.net','','','2/2',2,2,'92418 Main','','Utica','AZ','73099','',90,0,'2014-03-26','2014-09-20',0,0,2,'','','','','',0,1,0,0,0),('Cross','Kenisha','','','OK:OKC:GRNDS','775','','(789) 653-5011','(376) 256-2290','(428) 286-8959','KenishaC6133@comcast.net','KenishaC5284@aol.com','','','12/30',12,30,'33638 Laurel','Apt. #2607','Tucson','IN','73132','',91,50,'2014-02-21','2015-06-12',0,9,2,'','','','','',0,1,0,0,0),('Petersen','Yan','','','OK:OKC:CPATR','531','','(953) 366-2431','(926) 121-4379','(545) 506-3584','YanPetersen540@bdiddy.com','YanPetersen836@yahoo.com','','','3/6',3,6,'77781 Wood','','Lakewood','RI','73120','',92,0,'2009-06-17','2015-02-23',0,0,2,'','','','','',0,1,0,0,0),('Allen','Kellee','','','OK:OKC:GSERV','1042','','(684) 851-7034','(235) 826-5593','(395) 576-8844','KAllen5394@hotmail.com','KelleeA7162@bdiddy.com','','','12/23',12,23,'98165 Airport','','Boston','CT','73132','',93,0,'2015-06-15','0000-00-00',49,0,2,'','','','','',1,1,3,3,0),('Walter','Trish','','','OK:OKC:HSKPG','116','','(800) 388-8271','(575) 951-1621','(503) 838-4974','TrishW245@hotmail.com','TrishW8698@abiz.com','','','11/4',11,4,'23492 Cypress','','Ontario','OH','73008','',94,0,'2012-06-01','0000-00-00',146,0,2,'','','','','',1,1,1,1,0),('Hobbs','Pablo','','','','','','(875) 874-6411','(565) 524-0359','(189) 549-8562','PabloHobbs94@bdiddy.com','PabloH6311@bdiddy.com','','','12/23',12,23,'917 Kukui','','Rochester','MI','73149','',95,0,'2013-11-12','2014-05-15',0,0,2,'','','','','',0,1,0,0,0),('Ramirez','Travis','','','OK:OKC:HSKPG','602','','(639) 403-3572','(130) 853-2675','(661) 232-6520','TRamirez6536@comcast.net','TravisR6654@aol.com','','','3/4',3,4,'7645 Third','Apt. #2739','Bethlehem','NM','73132','',96,47,'2010-04-26','0000-00-00',146,8,2,'','','','','',1,1,1,1,0),('Reyes','Dinorah','','','TX:AII:ACCTG','820','','(162) 729-5914','(847) 459-6167','(604) 932-3310','DinorahR2579@yahoo.com','DinorahR3240@yahoo.com','','','11/21',11,21,'91711 County Line','Apt. #1467','Cape Coral','NJ','78738','',97,3,'2014-06-30','0000-00-00',19,1,1,'','','','','',0,1,0,0,0),('Beck','Jackie','','','TX:AII:ACCTG','1046','','(813) 415-8859','(910) 731-2870','(171) 883-3777','JackieBeck890@aol.com','JBeck8264@comcast.net','','','1/11',1,11,'45863 Hampton','','San Bernardino','GA','78738','',98,3,'2015-06-25','0000-00-00',19,1,1,'','','','','',0,1,0,0,0),('Carr','Edwin','','','OK:OKC:LSGSAL','1053','','(165) 547-4593','(693) 134-1352','(250) 982-9156','ECarr5187@gmail.com','EdwinC2917@yahoo.com','','','8/11',8,11,'79149 Ninth','Apt. #6044','Miami','SD','73132','',99,0,'2015-07-13','0000-00-00',207,0,2,'','','','','',1,1,1,1,0),('Ballard','Tiffanie','','','TX:USA:WRHSE','316','','(890) 962-5511','(213) 249-2097','(804) 777-8248','TiffanieB585@abiz.com','TBallard8134@bdiddy.com','','','2/1',2,1,'26339 Park','','Ontario','NY','75061','',100,68,'2007-06-18','0000-00-00',199,16,3,'','','','','',1,1,2,2,0),('Roth','Angelique','','','OK:OKC:HSKPG','792','','(689) 898-0378','(795) 616-7837','(817) 189-5770','ARoth5121@abiz.com','ARoth1123@bdiddy.com','','','9/20',9,20,'55080 Cypress','','Naples','WI','73122','',101,0,'2014-03-31','0000-00-00',146,0,2,'','','','','',1,1,1,1,0),('Reyes','Nicola','','','OK:OKC:HSKPG','830','','(997) 182-0407','(890) 381-5336','(354) 491-2148','NReyes9709@bdiddy.com','NReyes8612@bdiddy.com','','','10/5',10,5,'36547 Aloha','','Seaside','SD','73109','',102,0,'2014-08-16','2015-07-03',0,0,2,'','','','','',0,0,0,0,0),('Long','Jon','','','TX:AII:ACCTG','795','','(350) 807-0297','(146) 571-6747','(757) 810-5255','JonLong860@gmail.com','JonLong930@comcast.net','','','4/12',4,12,'13341 New Mexico','','College Station','AK','78613','',103,0,'2014-04-07','0000-00-00',19,0,1,'','','','','',1,1,1,1,0),('Cantu','Allie','','','OK:OKC:GRNDS','1030','','(683) 165-7246','(779) 129-4838','(741) 163-6861','AllieC6400@aol.com','AllieC661@aol.com','','','10/26',10,26,'79252 4th','Apt. #3739','Honolulu','KS','73120','',104,50,'2015-04-27','2015-05-25',153,9,2,'','','','','',0,0,0,0,0),('Mclean','Trena','','','OK:OKC:GSERV','110','','(549) 448-1719','(116) 721-5500','(667) 984-9869','TrenaMclean219@comcast.net','TrenaMclean947@gmail.com','','','6/15',6,15,'74333 Hickory','','Redding','WV','73099','',105,42,'2013-10-10','0000-00-00',49,7,2,'','','','','',1,1,2,2,0),('Frost','Maryetta','','','TX:AII:ACCTG','1047','','(260) 678-8372','(869) 740-3344','(160) 954-0341','MFrost2104@gmail.com','MaryettaF6097@abiz.com','','','9/20',9,20,'51294 Pinon','Apt. #8894','Berkeley','UT','78735','',106,3,'2015-06-25','0000-00-00',19,1,1,'','','','','',0,1,0,0,0),('Mcclain','Tresa','','','','','','(313) 468-2201','(221) 581-8238','(333) 520-2600','TresaM8072@gmail.com','TresaM8531@comcast.net','','','1/2',1,2,'10795 Seventh','Apt. #5690','Denver','SD','73127','',107,0,'2012-02-16','2014-06-14',0,0,2,'','','','','',0,1,0,0,0),('Mcbride','Jessia','','','','','','(656) 825-3691','(234) 899-6086','(145) 951-0806','JMcbride2109@aol.com','JessiaMcbride760@gmail.com','','','8/20',8,20,'23070 Hillside','Apt. #2486','Escondido','VT','73106','',108,0,'2014-02-06','2014-02-07',0,0,2,'','','','','',0,1,0,0,0),('Fox','Damian','','','OK:OKC:CAPMP','100','','(757) 384-3728','(320) 434-5375','(428) 511-4054','DamianF3443@aol.com','DamianF86@abiz.com','','','11/21',11,21,'99837 Navajo','','Pompano Beach','ID','73108','',109,0,'2012-02-13','0000-00-00',206,0,2,'','','','','',1,1,1,1,0),('Young','Mathew','','','TX:USA:WRHSE','733','','(469) 862-3480','(720) 132-7953','(764) 742-3814','MathewYoung471@hotmail.com','MathewY426@yahoo.com','','','3/17',3,17,'10296 11th','','Denton','NJ','75212','',110,68,'2013-08-22','0000-00-00',199,16,3,'','','','','',1,1,1,1,0),('Berg','Somer','','','OK:OKC:PHONE','839','','(688) 932-5073','(393) 946-4413','(893) 688-2816','SomerB1295@comcast.net','SomerBerg780@bdiddy.com','','','6/18',6,18,'15706 Seventh','','Anaheim','MO','73132','',111,18,'2014-09-16','0000-00-00',24,0,2,'','','','','',1,1,1,1,0),('Valentine','Lauralee','','','OK:OKC:GRNDS','1023','','(326) 826-6820','(995) 725-5092','(643) 357-2819','LauraleeV7516@bdiddy.com','LValentine8618@comcast.net','','','8/31',8,31,'20154 Delaware','Apt. #9519','Philadelphia','NJ','73132','',112,50,'2015-03-17','2015-07-01',0,9,2,'','','','','',0,1,0,0,0),('Stewart','Ada','','','OK:OKC:SALES','840','','(693) 754-6773','(588) 854-8267','(821) 751-5214','AdaStewart471@gmail.com','AdaStewart567@abiz.com','','','7/31',7,31,'15420 Cedar','','Las Cruces','MO','73132','',113,0,'2014-09-15','2015-05-15',0,0,2,'','','','','',0,0,0,0,0),('Chang','Tula','','','TX:TUC:HSKPG','56','','(862) 494-6787','(742) 427-5561','(375) 735-7352','TChang4800@hotmail.com','TChang7618@gmail.com','','','7/16',7,16,'7553 Evergreen','Apt. #2920','Sebastian','OK','75061','',114,0,'2011-01-15','0000-00-00',201,0,4,'','','','','',1,1,1,1,0),('Mcconnell','Lan','','','','','','(859) 963-9541','(817) 809-1297','(330) 706-7998','LMcconnell9841@gmail.com','LanMcconnell809@aol.com','','','12/12',12,12,'12756 4th','','Johnson City','UT','73159','',115,0,'2013-01-31','2014-01-14',0,0,2,'','','','','',0,1,0,0,0),('Glass','Vicente','','','OK:OKC:HSKPG','554','','(740) 341-0321','(157) 584-4403','(811) 511-6951','VicenteG373@bdiddy.com','VicenteG4016@yahoo.com','','','3/30',3,30,'98449 Kahili','Apt. #9142','Baltimore','MD','73139','',116,47,'2012-01-02','0000-00-00',146,8,2,'','','','','',1,1,1,1,0),('Mathis','Emely','','','OK:OKC:FDBEV','1021','','(686) 181-4554','(520) 671-4334','(296) 799-9736','EmelyM2358@abiz.com','EMathis7076@abiz.com','','','1/14',1,14,'40035 Wood','Apt. #2151','Rancho Cucamonga','WY','73507','',117,37,'2015-02-26','2015-08-15',73,6,2,'','','','','',0,1,0,0,0),('Blackwell','Kiana','','','','','','(318) 962-0371','(470) 445-0092','(302) 492-6328','KianaB7305@bdiddy.com','KBlackwell5043@gmail.com','','','3/12',3,12,'80066 Lake','','St. Paul','IL','73132','',118,0,'2014-03-10','2014-05-15',0,0,2,'','','','','',0,1,0,0,0),('Good','Cleopatra','','','OK:OKC:CPATR','834','','(278) 272-3126','(579) 196-7531','(148) 734-7975','CleopatraGood765@bdiddy.com','CleopatraG8074@yahoo.com','','','8/8',8,8,'33996 Thirteenth','','Henderson','MA','73132','',119,0,'2014-08-28','2015-06-12',0,0,2,'','','','','',0,1,0,0,0),('Vaughan','Avery','','','OK:OKC:ADMIN','1064','','(544) 658-8657','(889) 784-1294','(463) 824-4463','AVaughan7931@hotmail.com','AveryVaughan972@abiz.com','','','10/7',10,7,'80034 West','Apt. #2677','Augusta','MN','73118','',120,1,'2015-07-27','0000-00-00',30,1,2,'','','','','',1,1,3,3,0),('Witt','Alane','','','','','','(241) 410-5178','(390) 238-3961','(709) 628-2008','AWitt4041@gmail.com','AWitt278@aol.com','','','5/25',5,25,'87118 Johnson','','Appleton','WI','73159','',121,0,'2013-11-11','2014-05-24',0,0,2,'','','','','',0,1,0,0,0),('Tyson','Katina','','','OK:OKC:MAINT','1051','','(735) 696-9065','(895) 935-2678','(542) 714-9315','KTyson1211@abiz.com','KatinaT2955@aol.com','','','6/5',6,5,'7384 Columbine','','Harlingen','FL','73120','',122,0,'2015-07-01','0000-00-00',34,0,2,'','','','','',1,1,2,2,0),('Barnett','Remedios','','','OK:OKC:FDBEV','825','','(879) 235-8225','(309) 623-4168','(262) 860-0226','RemediosB9046@abiz.com','RemediosBarnett198@yahoo.com','','','1/13',1,13,'14226 Redwood','','Gilbert','NV','73099','',123,0,'2014-08-02','2015-01-18',0,0,2,'','','','','',0,0,0,0,0),('Mclean','Liberty','','','OK:OKC:FDBEV','754','','(943) 788-3973','(762) 697-4056','(211) 974-5754','LMclean2909@bdiddy.com','LibertyM1098@gmail.com','','','5/13',5,13,'43274 Hampton','','Concord','NJ','73132','',124,35,'2012-05-29','0000-00-00',207,6,2,'','','','','',1,1,1,1,0),('Hayden','Elva','','','OK:OKC:HSKPG','815','','(539) 944-4597','(305) 686-2885','(570) 643-7137','ElvaHayden737@yahoo.com','ElvaH9849@gmail.com','','','1/13',1,13,'38275 Redwood','Apt. #8692','Port Orange','OH','73109','',125,45,'2014-06-14','0000-00-00',146,8,2,'','','','','',1,1,1,1,0),('Hodges','Rogelio','','','OK:OKC:CAPMP','58','','(816) 809-8931','(190) 249-2374','(652) 355-1032','RogelioH2514@bdiddy.com','RHodges2569@aol.com','','','1/6',1,6,'53983 12th','Apt. #2741','Murrieta','DC','73132','',126,0,'2011-03-07','0000-00-00',206,0,2,'','','','','',1,1,1,1,0),('Alford','Gerardo','','','OK:OKC:GRNDS','739','','(161) 227-2868','(807) 341-0257','(599) 730-9075','GAlford1475@yahoo.com','GerardoA7553@aol.com','','','5/15',5,15,'68784 Sunset','','Berkeley','NE','73135','',127,50,'2013-09-17','2015-05-18',82,9,2,'','','','','',0,0,0,0,0),('Gamble','Sebastian','','','OK:OKC:GRNDS','753','','(484) 605-8966','(909) 352-9612','(428) 733-6182','SGamble5238@bdiddy.com','SGamble4898@gmail.com','','','10/28',10,28,'37483 11th','','Marysville','NM','73132','',128,50,'2013-12-14','2015-06-22',0,9,2,'','','','','',0,0,0,0,0),('Noel','Gwendolyn','','','OK:OKC:HSKPG','97','','(183) 474-3407','(416) 657-8152','(462) 371-3921','GNoel5525@bdiddy.com','GwendolynN7964@yahoo.com','','','10/6',10,6,'11984 10th','','Gulfport-Biloxi','CA','73112','',129,0,'2012-01-28','0000-00-00',146,0,2,'','','','','',1,1,1,1,0),('Bullock','Rochelle','','','OK:OKC:CPATR','1014','','(107) 698-2739','(658) 480-5181','(694) 900-4503','RBullock382@aol.com','RBullock5640@abiz.com','','','6/20',6,20,'86036 5th','','Thousand Oaks','NC','73132','',130,22,'2015-01-19','2015-08-04',59,3,2,'','','','','',0,0,0,0,0),('Vazquez','Mona','','','OK:OKC:GSERV','1019','','(212) 399-1108','(564) 319-3107','(308) 178-6659','MonaVazquez491@yahoo.com','MonaV3799@aol.com','','','2/9',2,9,'53551 South Dakota','','Charleston','VA','73132','',131,40,'2015-02-11','2015-08-28',24,7,2,'','','','','',0,1,0,0,0),('Burt','Lynetta','','','OK:OKC:HSKPG','831','','(174) 270-6647','(542) 624-5374','(561) 286-5741','LynettaB2331@gmail.com','LynettaB5712@hotmail.com','','','2/21',2,21,'60719 3rd','','Asheville','CA','73109','',132,0,'2014-08-16','0000-00-00',146,0,2,'','','','','',1,1,1,1,0),('Sanders','Diego','','','OK:OKC:HSKPG','162','','(662) 390-9925','(715) 208-3931','(312) 881-9465','DiegoSanders135@hotmail.com','DSanders8667@comcast.net','','','10/25',10,25,'20652 North Carolina','Apt. #7740','Boise','CO','73127','',133,0,'2012-08-07','0000-00-00',146,0,2,'','','','','',1,1,1,1,0),('Ratliff','Elton','','','OK:OKC:FDBEV','','','(626) 430-8181','(670) 961-9051','(762) 184-8886','EltonRatliff267@hotmail.com','EltonRatliff778@comcast.net','','','11/10',11,10,'8589 5th','Apt. #648','Worcester','GA','73132','',134,0,'2014-06-16','2014-10-12',0,0,2,'','','','','',0,1,0,0,0),('Bowers','Veta','','','OK:OKC:GRNDS','1055','','(533) 359-8959','(966) 905-2933','(369) 305-2631','VBowers8295@aol.com','VBowers6413@abiz.com','','','11/4',11,4,'66556 Smith','Apt. #4235','Paterson','MO','73111','',135,50,'2015-07-27','2015-08-28',82,9,2,'','','','','',0,0,0,0,0),('Taylor','Booker','','','OK:OKC:CPATR','1068','','(540) 812-8423','(168) 328-4525','(466) 197-3816','BookerT6963@aol.com','BookerTaylor468@aol.com','','','11/28',11,28,'7621 Meadow','','Tyler','IN','73142','',136,0,'2015-08-17','0000-00-00',89,0,2,'','','','','',1,1,2,2,0),('Lynch','Esther','','','','','','(708) 776-4868','(193) 308-7632','(675) 338-9568','EstherLynch859@comcast.net','EstherLynch639@abiz.com','','','10/2',10,2,'54586 Magnolia','','Oakland','TN','93112','',137,0,'2014-01-13','2014-02-21',0,0,2,'','','','','',0,1,0,0,0),('Ramirez','Shawnee','','','','','','(456) 483-4605','(665) 382-0998','(109) 270-7641','ShawneeR1640@abiz.com','ShawneeRamirez343@gmail.com','','','4/5',4,5,'7766 Aspen','Apt. #6007','Portsmouth','HI','73120','',138,0,'2013-12-14','2014-06-05',0,0,2,'','','','','',0,1,0,0,0),('Rowe','Margorie','','','','','','(516) 202-4431','(619) 903-5884','(757) 755-9132','MargorieRowe909@comcast.net','MargorieRowe331@gmail.com','','','4/22',4,22,'57622 Wood','','Providence','MS','73106','',139,0,'2010-12-01','2014-05-06',0,0,2,'','','','','',0,1,0,0,0),('Herrera','Javier','','','OK:OKC:CPATR','1043','','(916) 798-9148','(816) 707-7334','(194) 229-5134','JavierH9840@yahoo.com','JavierH939@bdiddy.com','','','5/9',5,9,'45422 Orchard','Apt. #1162','Sarasota','SD','73142','',140,0,'2015-06-10','2015-06-28',0,0,2,'','','','','',0,1,0,0,0),('Guzman','Tianna','','','TX:USA:ACCTG','690','','(478) 912-0006','(570) 701-2908','(797) 374-6719','TGuzman1930@hotmail.com','TiannaGuzman368@aol.com','','','3/1',3,1,'27454 North Carolina','Apt. #9430','Davidson County','AZ','76121','',141,2,'2011-07-05','0000-00-00',199,1,3,'','','','','',1,1,1,1,0),('Wong','Rosalia','','','OK:OKC:MAINT','1034','','(848) 872-4383','(876) 150-9670','(468) 168-0018','RWong6614@aol.com','RosaliaWong156@hotmail.com','','','2/4',2,4,'27653 Ninth','Apt. #5529','Kalamazoo','OR','73132','',142,0,'2015-05-29','0000-00-00',197,0,2,'','','','','',1,1,1,1,0),('Berger','Rachell','','','TX:USA:WRHSE','','','(472) 884-1415','(116) 676-9434','(480) 158-0503','RBerger8567@comcast.net','RachellBerger527@yahoo.com','','','12/19',12,19,'83082 Apache','Apt. #2392','Ontario','KY','75062','',143,68,'2010-07-21','2014-10-17',0,16,3,'','','','','',0,0,0,0,0),('Mcdowell','Xiao','','','OK:OKC:HSKPG','95','','(743) 761-1614','(644) 962-1448','(174) 757-0340','XiaoM5047@abiz.com','XiaoMcdowell133@hotmail.com','','','9/13',9,13,'80847 New Mexico','','Pompano Beach','WY','73127','',144,0,'2011-12-31','0000-00-00',146,0,2,'','','','','',1,1,1,1,0),('Petty','Gino','','','OK:OKC:HSKPG','612','','(967) 261-0042','(493) 434-3729','(909) 243-2317','GinoPetty441@bdiddy.com','GinoPetty638@gmail.com','','','4/27',4,27,'67984 Shore','','Fort Wayne','SD','73132','',145,0,'2010-06-05','0000-00-00',146,0,2,'','','','','',1,1,2,2,0),('Manning','Elidia','','','OK:OKC:HSKPG','394','','(898) 560-3122','(603) 192-5443','(962) 295-9700','EManning4971@hotmail.com','ElidiaManning825@yahoo.com','','','6/15',6,15,'99270 Spruce','','Medford','OH','73122','',146,44,'2007-10-14','0000-00-00',207,8,2,'','','','','',1,1,1,1,0),('Landry','Natalie','','','OK:OKC:FTNSS','688','','(807) 702-5499','(192) 911-8121','(752) 772-5100','NLandry3692@bdiddy.com','NatalieLandry451@comcast.net','','','9/6',9,6,'26988 Jackson','','El Monte','SC','73132','',147,32,'2010-04-09','0000-00-00',207,5,2,'','','','','',1,1,1,1,0),('Lewis','Gale','','','OK:OKC:FDBEV','835','','(762) 334-2428','(462) 755-0084','(681) 306-0056','GaleL8382@aol.com','GaleLewis502@gmail.com','','','4/10',4,10,'76427 Tenth','Apt. #707','Billings','MA','73132','',148,0,'2014-09-19','2014-11-23',0,0,2,'','','','','',0,0,0,0,0),('Buckley','Shiela','','','OK:OKC:SALES','798','','(512) 925-9267','(311) 747-3278','(129) 406-3055','ShielaB5600@bdiddy.com','ShielaB6627@abiz.com','','','8/28',8,28,'42431 Redwood','','Clarke County','NJ','73170','',149,0,'2012-09-24','0000-00-00',207,0,2,'','','','','',1,1,2,2,0),('Stuart','Hyun','','','OK:OKC:GSERV','1011','','(985) 679-8177','(592) 789-1150','(290) 974-0330','HStuart122@comcast.net','HyunStuart472@bdiddy.com','','','10/8',10,8,'58445 Mesquite','','Davenport','KY','73107','',150,0,'2014-12-22','2015-01-02',0,0,2,'','','','','',0,0,0,0,0),('Branch','Allan','','','','','','(574) 195-5870','(334) 567-8406','(672) 295-3396','AllanBranch863@gmail.com','AllanBranch601@bdiddy.com','','','1/25',1,25,'66930 Fourth','','Greensboro','WY','73127','',151,0,'2014-05-08','2014-08-26',0,0,2,'','','','','',0,1,0,0,0),('Cain','Dallas','','','OK:OKC:GSERV','1012','','(451) 876-0002','(870) 776-1267','(933) 108-9650','DallasCain335@yahoo.com','DallasCain666@gmail.com','','','6/25',6,25,'11589 Willow','Apt. #6470','Spokane','AR','73132','',152,40,'2014-12-22','2015-05-31',49,7,2,'','','','','',0,1,0,0,0),('Calhoun','Lorine','','','OK:OKC:GRNDS','114','','(707) 315-0787','(243) 606-5618','(342) 564-0615','LorineCalhoun826@bdiddy.com','LorineC7037@yahoo.com','','','9/1',9,1,'54275 Tenth','','Pompano Beach','LA','73132','',153,51,'2012-05-14','2015-05-19',82,9,2,'','','','','',0,0,0,0,0),('Stein','Suzanne','','','OK:OKC:GRNDS','752','','(505) 101-6902','(716) 242-6361','(680) 495-5923','SuzanneStein431@gmail.com','SuzanneS5741@abiz.com','','','9/6',9,6,'28444 4th','Apt. #5421','Layton','MS','73108','',154,0,'2013-11-25','2015-01-14',0,0,2,'','','','','',0,0,0,0,0),('Jackson','Jung','','','TX:USA:WRHSE','291','','(294) 486-6695','(715) 172-4288','(142) 301-6788','JJackson7109@aol.com','JungJackson238@comcast.net','','','3/6',3,6,'87543 Highland','','Duluth','WA','76247','',155,68,'2006-06-25','2014-12-08',0,16,3,'','','','','',0,0,0,0,0),('Walker','Lucio','','','OK:OKC:LSGSAL','1039','','(856) 961-4641','(936) 746-0537','(402) 245-0294','LucioWalker444@yahoo.com','LucioW9863@comcast.net','','','3/16',3,16,'25061 Sunset','','Chicago','OK','73132','',156,0,'2015-06-12','0000-00-00',207,0,2,'','','','','',1,1,1,1,0),('Decker','Shawnee','','','','','','(668) 104-0103','(334) 658-9718','(354) 900-2163','SDecker8750@bdiddy.com','ShawneeDecker695@yahoo.com','','','1/22',1,22,'38218 Wilson','','Greenville','ID','73130','',157,0,'2011-08-22','2014-05-16',0,0,2,'','','','','',0,1,0,0,0),('Gibson','Kathie','','','','','','(177) 904-9874','(737) 752-9527','(218) 901-6451','KathieG7121@abiz.com','KGibson5811@bdiddy.com','','','10/27',10,27,'82869 Church','','Garden Grove','NV','73008','',158,0,'2012-02-04','2014-06-27',0,0,2,'','','','','',0,1,0,0,0),('Hendrix','Valencia','','','','','','(457) 751-0988','(362) 301-8151','(338) 917-7502','VHendrix8801@comcast.net','ValenciaH2580@aol.com','','','',0,0,'13170 Palo Verde','','Los Angeles','DE','','',159,0,'0000-00-00','2014-04-25',0,0,2,'','','','','',0,1,0,0,0),('Hendrix','Quintin','','','OK:OKC:FDBEV','1060','','(327) 256-3430','(137) 567-4236','(871) 799-2259','QuintinHendrix477@aol.com','QuintinHendrix916@comcast.net','','','6/30',6,30,'86783 Magnolia','','Worcester','AR','73107','',160,37,'2015-07-27','0000-00-00',73,6,2,'','','','','',1,1,3,3,0),('Barnett','Harold','','','OK:OKC:GSERV','1059','','(391) 672-8234','(180) 771-1872','(705) 379-5577','HaroldBarnett411@aol.com','HBarnett7214@aol.com','','','9/10',9,10,'98997 6th','','Killeen','GA','73103','',161,42,'2015-08-03','0000-00-00',49,7,2,'','','','','',1,1,2,2,0),('Castillo','Ilona','','','OK:OKC:GRNDS','755','','(686) 448-9765','(224) 896-9798','(534) 858-2763','ICastillo7286@yahoo.com','IlonaCastillo114@bdiddy.com','','','2/15',2,15,'85948 Maple','','Grayslake','UT','73129','',162,50,'2013-12-14','2015-04-13',0,9,2,'','','','','',0,1,0,0,0),('Swanson','Jeannie','','','NY:USA:Design','1057','','(302) 784-2384','(742) 446-3132','(887) 866-9398','JSwanson7585@yahoo.com','JSwanson4686@aol.com','','','5/4',5,4,'75575 Eleventh','','Alexandria','CO','11211','',163,26,'2015-08-05','0000-00-00',199,0,3,'','','','','',1,1,1,1,0),('Cline','Fatima','','','','','','(801) 298-5358','(221) 783-2583','(463) 439-5168','FCline2889@abiz.com','FatimaC5566@bdiddy.com','','','3/3',3,3,'57225 Maple','','College Station','NY','73023','',164,0,'2014-02-09','2014-07-01',0,0,2,'','','','','',0,1,0,0,0),('Oliver','Cletus','','','OK:OKC:FDBEV','1020','','(222) 342-6370','(735) 652-6105','(471) 770-9138','CletusO4293@yahoo.com','CletusOliver916@abiz.com','','','6/5',6,5,'25719 Maple','','New York','WI','73112','',165,37,'2015-02-25','2015-04-17',73,6,2,'','','','','',0,1,0,0,0),('Hopper','Ellis','','','OK:OKC:GSERV','1007','','(731) 279-7630','(288) 854-4090','(772) 112-7352','EllisHopper143@abiz.com','EllisH683@aol.com','','','2/23',2,23,'9547 Main','','Hialeah','SC','73107','',166,18,'2014-11-17','2014-12-11',24,0,2,'','','','','',0,0,0,0,0),('Berger','Ashlea','','','OK:OKC:ADMIN','814','','(441) 325-1687','(954) 285-2790','(108) 753-0142','AshleaBerger299@hotmail.com','AshleaB1745@hotmail.com','','','7/4',7,4,'54121 First','','Apple Valley','OR','73118','',167,0,'2014-06-09','2015-04-07',0,0,2,'','','','','',0,0,0,0,0),('Forbes','Vanda','','','','','','(778) 575-8246','(461) 750-0564','(453) 150-8157','VandaForbes52@gmail.com','VandaForbes177@aol.com','','','6/13',6,13,'4979 A','','Sioux Falls','OH','73132','',168,0,'2013-12-17','2014-04-29',0,0,2,'','','','','',0,1,0,0,0),('Mendez','Bruce','','','OK:OKC:CPATR','1031','','(603) 676-6080','(694) 661-8557','(524) 855-4708','BruceMendez198@gmail.com','BMendez7279@hotmail.com','','','4/17',4,17,'75527 Highland','Apt. #8623','Marysville','WA','73132','',169,0,'2015-05-12','0000-00-00',59,0,2,'','','','','',1,1,1,1,0),('Butler','Charolette','','','OK:OKC:ADMIN','1032','','(427) 299-6582','(589) 689-4322','(339) 146-1627','CharoletteB2328@yahoo.com','CharoletteB6863@bdiddy.com','','','8/3',8,3,'7416 Sunset','','Grand Prairie','IL','73112','',170,3,'2015-05-11','2015-07-15',0,1,2,'','','','','',0,1,0,0,0),('Salinas','Candie','','','OK:OKC:GSERV','1038','','(292) 285-6935','(327) 101-9394','(596) 968-7525','CandieS5541@abiz.com','CandieSalinas72@gmail.com','','','10/17',10,17,'15597 Meadow','','Erie','NE','73034','',171,0,'2015-06-01','2015-08-15',49,0,2,'','','','','',0,0,0,0,0),('Pugh','Tyron','','','OK:OKC:GRNDS','1063','','(672) 239-7041','(609) 331-5012','(800) 278-6792','TyronP7135@hotmail.com','TyronPugh335@abiz.com','','','4/26',4,26,'93999 New Jersey','Apt. #2979','Tampa','NJ','73179','',172,50,'2015-07-30','0000-00-00',82,9,2,'','','','','',1,1,1,1,0),('Wilkins','Florine','','','TX:TUC:MAINT','683','','(548) 350-3149','(691) 771-0147','(768) 351-0676','FlorineWilkins867@hotmail.com','FWilkins7601@bdiddy.com','','','2/18',2,18,'387 5th','','Burlington','MN','75061','',173,53,'1996-05-20','0000-00-00',201,10,4,'','','','','',1,1,1,1,0),('Lynch','Margarita','','','OK:OKC:CPATR','1029','','(277) 844-3350','(666) 782-7737','(744) 476-7926','MargaritaL3381@comcast.net','MLynch4397@bdiddy.com','','','2/9',2,9,'25151 Zoo','','Fayetteville','DE','73003','',174,0,'2015-04-27','2015-05-29',59,0,2,'','','','','',0,0,0,0,0),('Sweet','Harland','','','TX:TUC:CPATR','293','','(398) 633-0655','(663) 206-5898','(472) 913-7356','HSweet3847@gmail.com','HarlandS5182@yahoo.com','','','12/25',12,25,'44509 Ninth','Apt. #7253','Omaha','IL','75061','',175,21,'2006-06-25','0000-00-00',201,3,4,'','','','','',1,1,1,1,0),('Pruitt','Will','','','OK:OKC:HSKPG','590','','(242) 237-0081','(933) 900-2194','(680) 333-0828','WillPruitt72@comcast.net','WillPruitt224@gmail.com','','','10/13',10,13,'80715 Ridge','','Glendale','ID','73142','',176,0,'2010-02-15','0000-00-00',146,0,2,'','','','','',1,1,1,1,0),('Gould','Lacy','','','OK:OKC:HSKPG','','','(171) 553-5996','(148) 532-0627','(819) 596-6960','LGould3544@aol.com','LacyG4197@gmail.com','','','2/6',2,6,'26986 Washington','','Hagerstown','DC','73127','',177,0,'2014-08-16','2014-09-12',0,0,2,'','','','','',0,1,0,0,0),('Page','Jenifer','','','','','','(960) 650-2561','(444) 634-9285','(866) 259-6165','JPage4570@yahoo.com','JeniferP901@abiz.com','','','10/8',10,8,'93293 Lake','','Youngstown','CT','73129','',178,0,'2014-07-13','2014-07-24',0,0,2,'','','','','',0,1,0,0,0),('Bennett','Louis','','','OK:OKC:GRNDS','1033','','(906) 709-0976','(921) 608-7293','(316) 911-8600','LouisB7161@abiz.com','LouisBennett412@yahoo.com','','','4/20',4,20,'73261 8th','','Asheville','MI','73132','',179,50,'2015-05-21','2015-06-08',82,9,2,'','','','','',0,1,0,0,0),('Douglas','Franchesca','','','OK:OKC:PHONE','1009','','(855) 903-0390','(184) 517-1309','(121) 657-2626','FDouglas4309@yahoo.com','FranchescaDouglas800@gmail.com','','','1/29',1,29,'32923 Fourth','','Honolulu','WY','73162','',180,18,'2014-12-22','2015-01-06',24,0,2,'','','','','',0,0,0,0,0),('Hampton','Cherelle','','','OK:OKC:MAINT','1069','','(826) 501-7665','(468) 463-3235','(986) 837-9766','CherelleHampton448@hotmail.com','CHampton6634@aol.com','','','11/8',11,8,'20312 2nd','Apt. #2732','Fort Wayne','MO','73132','',181,0,'2015-08-10','0000-00-00',197,0,2,'','','','','',1,1,2,2,0),('Ortiz','Bella','','','','','','(678) 465-7513','(142) 541-9376','(518) 254-7576','BellaOrtiz430@hotmail.com','BOrtiz509@hotmail.com','','','7/28',7,28,'83482 Fourth','Apt. #6183','Simi Valley','MN','73054','',182,0,'2013-10-11','2014-01-24',0,0,2,'','','','','',0,1,0,0,0),('Hudson','Preston','','','OK:OKC:CPATR','1006','','(757) 170-9594','(207) 357-5757','(856) 776-0232','PHudson7569@abiz.com','PHudson6616@abiz.com','','','6/18',6,18,'88050 Pleasant','Apt. #6701','Youngstown','SD','73132','',183,0,'2014-10-10','2015-03-25',0,0,2,'','','','','',0,0,0,0,0),('Moran','Hallie','','','OK:OKC:FDBEV','1008','','(626) 453-8872','(393) 447-4378','(141) 278-9697','HallieMoran641@gmail.com','HallieM6570@aol.com','','','4/5',4,5,'29417 A','','Johnson City','RI','73132','',184,0,'2014-11-24','2015-05-08',0,0,2,'','','','','',0,0,0,0,0),('Thomas','Bret','','','OK:OKC:CPATR','1058','','(173) 652-6468','(710) 407-7121','(598) 486-4609','BThomas3653@gmail.com','BretThomas130@comcast.net','','','12/24',12,24,'28136 Eighth','','Jacksonville','WA','73132','',185,0,'2015-07-29','0000-00-00',89,0,2,'','','','','',1,1,2,2,0),('Cummings','Dwight','','','OK:OKC:GSERV','759','','(569) 644-7739','(269) 555-7159','(443) 287-2352','DwightCummings574@aol.com','DwightCummings487@aol.com','','','7/7',7,7,'14944 Ninth','','Yakima','HI','73132','',186,40,'2013-12-14','0000-00-00',49,7,2,'','','','','',1,1,1,1,0),('Justice','Abigail','','','OK:OKC:HSKPG','816','','(200) 751-8966','(210) 659-6288','(926) 883-9150','AbigailJustice504@aol.com','AbigailJustice228@bdiddy.com','','','7/24',7,24,'96419 Pleasant','','Virginia Beach','CO','73107','',187,0,'2014-06-14','0000-00-00',146,0,2,'','','','','',1,1,1,1,0),('Callahan','Leland','','','OK:OKC:MAINT','1052','','(256) 858-4050','(839) 370-8613','(776) 433-8526','LCallahan704@hotmail.com','LelandC6915@gmail.com','','','4/26',4,26,'8943 Mesquite','Apt. #6041','Jersey City','OR','73132','',188,0,'2015-07-02','0000-00-00',34,0,2,'','','','','',1,1,1,1,0),('Gray','Essie','','','OK:OKC:MAINT','766','','(610) 348-2824','(509) 687-7396','(240) 379-7267','EssieGray510@gmail.com','EGray1255@comcast.net','','','4/8',4,8,'93012 Sixth','','Amarillo','NV','73132','',189,0,'2014-01-14','0000-00-00',197,0,2,'','','','','',1,1,1,1,0),('Cannon','Kip','','','NY:NYR - USA:SALES','1061','','(729) 260-8855','(249) 269-2074','(757) 970-9269','KipCannon446@comcast.net','KipCannon430@aol.com','','','24-Mar',3,24,'96636 County Line','Apt. #1342','San Jose','NC','11968','',190,0,'2015-08-06','0000-00-00',195,0,3,'','','','','',1,1,3,3,0),('Long','Sarah','','','NY:NYR - USA:SALES','654','','(816) 716-8714','(190) 743-2053','(909) 652-4061','SarahL210@aol.com','SarahLong600@gmail.com','','','24-Nov',11,24,'38653 Broadway','','Scranton','CO','10022','',191,27,'2010-01-16','0000-00-00',199,0,3,'','','','','',1,1,1,1,0),('Burton','Penny','','','NY:NYR - USA:CRVDES','665','','(691) 280-6851','(234) 858-0173','(104) 689-0928','PBurton1812@hotmail.com','PBurton3707@hotmail.com','','','1-Mar',3,1,'82000 Kukui','','Columbus','IL','11106','',192,30,'2012-04-01','0000-00-00',199,0,3,'','','','','',1,1,2,2,0),('Bullock','Carman','','','NY:NYR - USA:SALES','80','','(843) 368-1718','(288) 771-8462','(559) 506-2685','CBullock6525@comcast.net','CarmanB5446@bdiddy.com','','','12-Sep',9,12,'89491 Eighth','','Elkhart','CO','11561','',193,0,'2011-10-17','0000-00-00',199,0,3,'','','','','',1,1,1,1,0),('Foley','Mignon','','','NY:NYR - USA:SALES','1044','','(450) 369-5552','(930) 488-4934','(595) 979-5533','MignonFoley783@yahoo.com','MFoley9336@yahoo.com','','','17-Jun',6,17,'77474 Park','Apt. #4735','Chattanooga','NY','11968','',194,0,'2015-05-30','0000-00-00',195,0,3,'','','','','',1,1,3,3,0),('Britt','Gwyn','','','NY:NYR - USA:SALES','1026','','(464) 799-5295','(520) 432-2047','(389) 418-4125','GwynB1433@comcast.net','GwynB8955@yahoo.com','','','7-Sep',9,7,'81342 Pinon','','Pittsburgh','MI','11968','',195,0,'2015-04-06','0000-00-00',193,0,3,'','','','','',1,1,2,2,0),('Palmer','Jaunita','','','NY:NYR - USA:SALES','1027','','(923) 970-5048','(510) 965-1672','(284) 953-4537','JPalmer8360@aol.com','JPalmer7920@gmail.com','','','18-Aug',8,18,'66423 Hickory','','Flint','KS','11949','',196,0,'2015-04-06','0000-00-00',193,0,3,'','','','','',1,1,2,2,0),('Tate','Zofia','','','OK:OKC:MAINT','413','','(690) 823-5623','(462) 537-4455','(372) 247-9174','ZofiaT5546@aol.com','ZofiaT1208@yahoo.com','','','12-Nov',11,12,'81976 Lakeview','','Brownsville','HI','73132','',197,0,'2007-09-14','0000-00-00',207,0,2,'','','','','',1,1,1,1,0),('Chandler','Shalonda','','','TX:AII:ADMIN','1004','','(649) 173-3941','(182) 433-8473','(755) 644-2171','SChandler2194@aol.com','ShalondaChandler720@abiz.com','','','19-Jun',6,19,'57525 Cypress','','Spokane','KY','78733','',198,28,'2014-10-07','0000-00-00',0,0,1,'','','','','',1,1,1,1,0),('Rosa','Lizabeth','','','TX:USA:ADMIN','87','','(160) 461-7863','(698) 907-2452','(244) 272-2074','LRosa1722@bdiddy.com','LRosa9119@aol.com','','','22-Dec',12,22,'1097 Sixth','Apt. #9352','Marina','MD','75093','',199,6,'2012-01-02','0000-00-00',198,1,3,'','','','','',1,1,1,1,0),('Meadows','Deja','','','TX:AII:ADMIN','391','','(794) 285-4538','(648) 663-3186','(115) 952-8438','DejaM8431@bdiddy.com','DejaM4499@hotmail.com','','','9-Mar',3,9,'57026 Navajo','Apt. #1736','St. Petersburg','CO','78738','',200,8,'1996-01-01','0000-00-00',198,1,1,'','','','','',1,1,1,1,0),('Cole','Theresia','','','TX:TUC:ADMIN','686','','(396) 930-0155','(578) 286-8710','(178) 462-0563','TheresiaCole973@comcast.net','TCole3226@comcast.net','','','27-Jan',1,27,'12243 Walnut','','Saint Petersburg','PA','76248','',201,10,'1990-10-30','0000-00-00',198,1,4,'','','','','',1,1,1,1,0),('Aguirre','Edyth','','','TX:AII:ACCTG','1001','','(370) 688-0236','(477) 740-1265','(911) 661-9128','EAguirre4379@gmail.com','EdythAguirre732@abiz.com','','','17-Sep',9,17,'77048 Second','Apt. #4267','San Diego','AZ','78729','',202,11,'2014-07-07','0000-00-00',200,1,1,'','','','','',1,1,1,1,0),('Sargent','Orpha','','','TX:AII:ADMIN','773','','(505) 635-3510','(833) 992-2718','(252) 950-4329','OSargent3079@bdiddy.com','OSargent8330@yahoo.com','','','28-Aug',8,28,'51324 New Mexico','','Pueblo','NY','78729','',203,5,'2014-02-10','0000-00-00',198,1,1,'','','','','',1,1,1,1,0),('Walter','Kera','','','OK:OKC:CPATR','1054','','(594) 156-2750','(727) 630-3440','(211) 759-8355','KeraWalter78@gmail.com','KWalter8614@gmail.com','','','29-Jul',7,29,'76575 Birch','Apt. #8471','Flint','TX','73132','',204,22,'2015-07-15','0000-00-00',59,3,2,'','','','','',1,1,1,1,0),('Ramos','Divina','','','OK:OKC:TRANS','663','','(268) 663-5488','(189) 399-8992','(238) 822-3146','DivinaR889@hotmail.com','DRamos5034@aol.com','','','8-Jun',6,8,'718 Laurel','','Temecula','MN','73132','',205,20,'2010-12-18','0000-00-00',59,3,2,'','','','','',1,1,1,1,0),('Byers','Jayson','','','OK:OKC:CAPMP','596','','(490) 119-3649','(775) 965-6267','(316) 540-7750','JaysonByers631@gmail.com','JaysonByers887@hotmail.com','','','15-May',5,15,'38259 Juniper','','Modesto','NC','73142','',206,0,'2010-03-01','0000-00-00',207,0,2,'','','','','',1,1,1,1,0),('Shannon','Kaye','','','OK:OKC:ADMIN','474','','(204) 626-3156','(483) 805-6199','(884) 650-1214','KayeS7121@bdiddy.com','KayeS1946@aol.com','','','9-Oct',10,9,'94504 Sunset','','Houston','MA','73142','',207,0,'2008-08-26','0000-00-00',198,0,2,'','','','','',1,1,1,1,0),('Winters','Kathleen','','','NY:NYR - USA:ADMIN','','','(606) 602-5932','(809) 705-6519','(345) 644-9175','KathleenWinters96@abiz.com','KathleenWinters270@aol.com','','','29-Nov',11,29,'58947 Pecan','','Downey','PA','11221','',208,29,'2014-09-22','0000-00-00',199,0,3,'','','','','',1,1,2,2,0),('Keller','Rosio','','','TX:AII: CRVDES','','','(787) 529-5362','(382) 657-6782','(784) 117-9908','RosioK3680@bdiddy.com','RosioKeller155@hotmail.com','','','3-Oct',10,3,'30020 Pecan','','Fort Wayne','KS','76040','',209,24,'2008-10-01','0000-00-00',198,0,3,'','','','','',1,1,1,1,0),('Duke','Lavada','','','CA:AII ADMIN','','','(308) 993-1815','(348) 621-6460','(148) 738-5953','LDuke3808@gmail.com','LavadaDuke944@aol.com','','','31-Oct',10,31,'25640 Lakeview','','Oceanside','SC','91202','',210,0,'2015-04-20','0000-00-00',198,0,1,'','','','','',1,1,2,1,0),('Clemons','Lai','F','','CA:AII ADMIN','','','(177) 653-6072','(161) 491-2634','(892) 246-2173','LClemons2695@hotmail.com','LaiClemons240@abiz.com','','','24-Oct',10,24,'52402 7th','Apt. #6983','St. Louis','ID','95035','',211,9,'2015-08-17','0000-00-00',198,1,1,'','','Steve','Sharon Yu','408-507-6062',1,1,0,0,0);
/*!40000 ALTER TABLE `people` ENABLE KEYS */;
UNLOCK TABLES;
/*!40103 SET TIME_ZONE=@OLD_TIME_ZONE */;

/*!40101 SET SQL_MODE=@OLD_SQL_MODE */;
/*!40014 SET FOREIGN_KEY_CHECKS=@OLD_FOREIGN_KEY_CHECKS */;
/*!40014 SET UNIQUE_CHECKS=@OLD_UNIQUE_CHECKS */;
/*!40101 SET CHARACTER_SET_CLIENT=@OLD_CHARACTER_SET_CLIENT */;
/*!40101 SET CHARACTER_SET_RESULTS=@OLD_CHARACTER_SET_RESULTS */;
/*!40101 SET COLLATION_CONNECTION=@OLD_COLLATION_CONNECTION */;
/*!40111 SET SQL_NOTES=@OLD_SQL_NOTES */;

-- Dump completed on 2015-10-23 11:58:48
